Date,Oppo,Samsung,Xiaomi,Unknown,Vivo,Apple,Realme,Infinix,Asus,Itel,Huawei,Tecno,Infinex,Sony,Nokia,Google,BBK,Lenovo,LG,OnePlus,Motorola,ZTE,Meizu,Other,Smartfren,Lava,BlackBerry,Wiko,Coolpad,Sharp,HTC,Mobicel,Xolo,Harga,Caterpillar,Acer,RIM,Fujitsu,Alcatel,Gionee,Opp,Hisense,AIS,InFocus,LeEco,Meisu,HP,Micromax,Spice,Dell,Palm,Unnamed: 1
2009-01,,,,,,,,,,,,,,,,,,,,,,,,,,,,,,,,,,,,,,,,,,,,,,,,,,,,
2009-02,,,,,,,,,,,,,,,,,,,,,,,,,,,,,,,,,,,,,,,,,,,,,,,,,,,,
2009-03,,,,,,,,,,,,,,,,,,,,,,,,,,,,,,,,,,,,,,,,,,,,,,,,,,,,
2009-04,,,,,,,,,,,,,,,,,,,,,,,,,,,,,,,,,,,,,,,,,,,,,,,,,,,,
2009-05,,,,,,,,,,,,,,,,,,,,,,,,,,,,,,,,,,,,,,,,,,,,,,,,,,,,
2009-06,,,,,,,,,,,,,,,,,,,,,,,,,,,,,,,,,,,,,,,,,,,,,,,,,,,,
2009-07,,,,,,,,,,,,,,,,,,,,,,,,,,,,,,,,,,,,,,,,,,,,,,,,,,,,
2009-08,,,,,,,,,,,,,,,,,,,,,,,,,,,,,,,,,,,,,,,,,,,,,,,,,,,,
2009-09,,,,,,,,,,,,,,,,,,,,,,,,,,,,,,,,,,,,,,,,,,,,,,,,,,,,
2009-10,,,,,,,,,,,,,,,,,,,,,,,,,,,,,,,,,,,,,,,,,,,,,,,,,,,,
2009-11,,,,,,,,,,,,,,,,,,,,,,,,,,,,,,,,,,,,,,,,,,,,,,,,,,,,
2009-12,,,,,,,,,,,,,,,,,,,,,,,,,,,,,,,,,,,,,,,,,,,,,,,,,,,,
2010-01,,0.0,,,,0.0,,,,,,,,0.0,0.0,0.0,,,0.0,,0.0,,,0.0,,,,,,,,,,,,,0.0,,,,,,,,,,,,,,0.0,
2010-02,,0.0,,,,0.0,,,,,,,,0.0,0.0,0.0,,,0.0,,0.0,,,0.0,,,,,,,,,,,,,0.0,,,,,,,,,,,,,,0.0,
2010-03,,0.0,,,,0.0,,,,,,,,0.0,0.0,0.0,,,0.0,,0.0,,,0.0,,,,,,,,,,,,,0.0,,,,,,,,,,,,,,0.0,
2010-04,,1.24,,,,0.7,,,,,,,,22.42,71.81,0.02,,,0.1,,0.27,,,0.02,,,,,,,,,,,,,3.4,,,,,,,,,,,,,,0.02,
2010-05,,1.5,,,,0.67,,,,,,,,20.82,70.93,0.02,,,0.09,,0.21,,,0.01,,,,,,,,,,,,,5.74,,,,,,,,,,,,,,0.01,
2010-06,,1.76,,,,0.73,,,,,,,,20.19,68.08,0.01,,,0.08,,0.2,,,0.01,,,,,,,,,,,,,8.92,,,,,,,,,,,,,,0.02,
2010-07,,1.86,,,,0.82,,,,,,,,20.44,69.3,0.02,,,0.08,,0.21,,,0.02,,,,,,,,,,,,,7.22,,,,,,,,,,,,,,0.02,
2010-08,,1.91,,,,0.84,,,,,,,,20.11,69.49,0.02,,,0.08,,0.22,,,0.02,,,,,,,,,,,,,7.28,,,,,,,,,,,,,,0.02,
2010-09,,1.39,,,,0.55,,,,,,,,12.77,45.22,0.01,,,0.05,,0.12,,,0.01,,,,,,,,,,,,,39.88,,,,,,,,,,,,,,0.01,
2010-10,,1.46,,,,0.54,,,,,,,,13.31,48.43,0.01,,,0.05,,0.1,,,0.01,,,,,,,,,,,,,36.06,,,,,,,,,,,,,,0.01,
2010-11,,1.83,,,,0.58,,,,,,,,12.15,48.39,0.01,,,0.05,,0.1,,,0.01,,,,,,,,,,,,,36.86,,,,,,,,,,,,,,0.01,
2010-12,,2.53,,,,0.75,,,,,,,,12.3,51.92,0.01,,,0.06,,0.11,,,0.01,,,,,,,,,,,,,32.29,,,,,,,,,,,,,,0.01,
2011-01,,3.15,,,,0.93,,,,,,,,14.01,60.61,0.01,,,0.06,,0.14,,,0.0,,,,,,,0.01,,,,,,21.06,,,,,,,,,,,,,,0.01,
2011-02,,2.84,,,,0.75,,,,,,,,11.73,49.52,0.01,,,0.04,,0.12,,,0.0,,,,,,,0.01,,,,,,34.97,,,,,,,,,,,,,,0.01,
2011-03,,2.95,,,,0.65,,,,,,,,10.11,45.19,0.01,,,0.04,,0.09,,,0.0,,,,,,,0.01,,,,,,40.94,,,,,,,,,,,,,,0.01,
2011-04,,4.28,,,,0.78,,,,,,,,11.22,54.08,0.01,,,0.04,,0.1,,,0.0,,,,,,,0.01,,,,,,29.47,,,,,,,,,,,,,,0.01,
2011-05,,5.85,,,,0.91,,,,,,,,12.61,59.53,0.01,,,0.05,,0.1,,,0.0,,,,,,,0.01,,,,,,20.92,,,,,,,,,,,,,,0.01,
2011-06,,4.63,,,,0.68,,,,,,,,9.23,42.15,0.01,,,0.04,,0.07,,,0.0,,,,,,,0.01,,,,,,43.18,,,,,,,,,,,,,,0.01,
2011-07,,7.34,,,,1.06,,,,,,,,12.44,58.75,0.02,,,0.04,,0.08,,,0.01,,,,,,,0.01,,,,,,20.25,,,,,,,,,,,,,,0.01,
2011-08,,10.25,,,,1.41,,,,,,,,13.77,67.61,0.04,,,0.05,,0.09,,,0.01,,,,,,,0.01,,,,,,6.74,,,,,,,,,,,,,,0.02,
2011-09,,9.62,,,,1.6,,,,,,,,12.78,69.84,0.04,,,0.06,,0.1,,,0.0,,,,,,,0.01,,,,,,5.93,,,,,,,,,,,,,,0.02,
2011-10,,10.03,,,,1.78,,,,,,,,12.12,69.49,0.04,,,0.3,,0.1,,,0.01,,,,,,,0.12,,,,,,6.0,,,,,,,,,,,,,,0.02,
2011-11,,8.81,,,,1.74,,,,,,,,11.42,72.55,0.03,,,0.3,,0.1,,,0.01,,,,,,,0.13,,,,,,4.87,,,,,,,,,,,,,,0.01,
2011-12,,7.11,,,,1.24,,,,,,,,10.6,77.17,0.03,,,0.2,,0.11,,,0.01,,,,,,,0.08,,,,,,3.46,,,,,,,,,,,,,,0.01,
2012-01,,8.21,,0.0,,1.61,,,,,0.0,,,10.48,75.22,0.05,,0.0,0.22,,0.06,0.0,,0.01,,,,,,,0.1,,,,,0.01,4.04,,,,,,,,,,,,,0.0,,
2012-02,,8.34,,0.0,,1.64,,,,,0.0,,,9.94,75.87,0.05,,0.0,0.23,,0.06,0.0,,0.01,,,,,,,0.13,,,,,0.01,3.73,,,,,,,,,,,,,0.0,,
2012-03,,7.22,,17.3,,1.53,,,,,0.01,,,8.0,61.64,0.04,,0.0,0.2,,0.05,0.0,,0.01,,,,,,,0.1,,,,,0.01,3.89,,,,,,,,,,,,,0.0,,
2012-04,,6.34,,32.87,,1.38,,,,,0.04,,,6.35,49.26,0.05,,0.0,0.18,,0.04,0.0,,0.01,,,,,,,0.1,,,,,0.01,3.38,,,,,,,,,,,,,0.0,,
2012-05,,9.04,,24.08,,1.38,,,,,0.14,,,6.55,54.55,0.04,,0.0,0.31,,0.06,0.05,,0.01,,,,,,,0.12,,,,,0.0,3.64,,,,,,,,,,,,,0.02,,
2012-06,,10.8,,18.48,,1.63,,,,,0.18,,,6.52,57.04,0.06,,0.01,0.38,,0.07,0.07,,0.01,,,,,,,0.15,,,,,0.0,4.57,,,,,,,,,,,,,0.03,,
2012-07,,11.95,,17.39,,1.82,,,,,0.19,,,6.62,55.02,0.06,,0.01,0.5,,0.06,0.09,,0.01,,,,,,,0.17,,,,,0.0,6.09,,,,,,,,,,,,,0.03,,
2012-08,,12.34,,18.18,,1.71,,,,,0.18,,,6.41,54.51,0.07,,0.02,0.51,,0.07,0.1,,0.01,,,,,,,0.2,,,,,0.03,5.65,,,,,,,,,,,,,0.02,,
2012-09,,13.08,,18.69,,1.67,,,,,0.17,,,6.25,53.02,0.09,,0.05,0.53,,0.08,0.1,,0.01,,,,,,,0.22,,,,,0.02,5.99,,,,,,,,,,,,,0.03,,
2012-10,,13.32,,19.24,,1.69,,,,,0.17,,,6.02,52.43,0.09,,0.08,0.55,,0.09,0.09,,0.01,,,,,,,0.21,,,,,0.03,5.95,,,,,,,,,,,,,0.03,,
2012-11,,13.23,,18.81,,1.7,,,,,0.17,,,5.7,53.35,0.11,,0.12,0.55,,0.07,0.09,,0.01,,,,,,,0.21,,,,,0.02,5.83,,,,,,,,,,,,,0.03,,
2012-12,,14.08,,19.6,,1.83,,,,,0.16,,,5.57,52.21,0.12,,0.2,0.58,,0.07,0.08,,0.01,,,,,,,0.22,,,,,0.03,5.19,,,,,,,,,,,,,0.03,,
2013-01,,14.4,,20.19,,2.25,,,,,0.15,,,5.1,51.36,0.13,,0.29,0.61,,0.07,0.08,,0.01,,,,,,,0.23,,,,,0.04,5.06,,,,,0.0,,,,,,,,0.03,,
2013-02,,14.34,,20.72,,2.12,,,,,0.15,,,4.94,51.32,0.12,,0.34,0.6,,0.06,0.08,,0.01,,,,,,,0.23,,,,,0.05,4.89,,,,,0.0,,,,,,,,0.02,,
2013-03,,14.67,,20.35,,2.21,,,,,0.18,,,5.08,50.56,0.13,,0.43,0.63,,0.06,0.08,,0.01,,,,,,,0.24,,,,,0.07,4.83,,,,,0.47,,,,,,,,0.02,,
2013-04,,15.47,,20.45,,2.12,,,,,0.19,,,4.88,49.2,0.11,,0.5,0.64,,0.06,0.08,,0.02,,,,,,,0.22,,,,,0.08,5.17,,,,,0.79,,,,,,,,0.02,,
2013-05,,16.81,,21.06,,2.16,,,,,0.2,,,4.76,46.69,0.12,,0.59,0.65,,0.06,0.08,,0.02,,,,,,,0.21,,,,,0.1,5.55,,,,,0.92,,,,,,,,0.02,,
2013-06,,17.77,,21.48,,2.34,,,,,0.19,,,4.65,45.03,0.12,,0.6,0.71,,0.06,0.08,,0.02,,,,,,,0.23,,,,,0.11,5.62,,,,,0.97,,,,,,,,0.02,,
2013-07,,18.26,,22.25,,2.4,,,,,0.17,,,4.39,44.12,0.11,,0.6,0.75,,0.05,0.08,,0.02,,,,,,,0.23,,,,,0.12,5.47,,,,,0.96,,,,,,,,0.02,,
2013-08,,20.14,,24.1,,2.58,,,,,0.19,,,4.11,40.19,0.15,,0.73,0.82,,0.06,0.1,,0.02,,,,,,,0.25,,,,,0.15,5.41,,,,,0.99,,,,,,,,0.02,,
2013-09,,20.5,,25.45,,2.47,,,,,0.2,,,4.01,38.75,0.12,,0.87,0.83,,0.05,0.11,,0.02,,,,,,,0.24,,,,,0.14,5.32,,,,,0.92,,,,,,,,0.02,,
2013-10,,21.01,,27.7,,2.3,,,,,0.17,,,3.94,36.55,0.11,,0.99,0.87,,0.05,0.11,,0.02,,,,,,,0.22,,,,,0.12,4.96,,,,,0.87,,,,,,,,0.01,,
2013-11,,23.13,,25.59,,3.45,,,,,0.18,,,3.66,34.86,0.13,,1.37,0.95,,0.04,0.11,,0.06,,,,,,,0.23,,,,,0.14,5.21,,,,,0.89,,,,,,,,0.01,,
2013-12,,23.92,,26.28,,3.0,,,,,0.17,,,3.41,34.05,0.11,,1.63,0.99,,0.05,0.12,,0.08,,,,,,,0.23,,,,,0.13,5.04,,,,,0.78,,,,,,,,0.01,,
2014-01,0.0,23.71,0.0,25.99,,3.5,,,0.0,,0.19,,,3.56,33.65,0.13,,2.06,1.04,,0.04,0.13,,0.02,,,,,,,0.23,,,,,0.14,4.8,,0.01,,,0.72,,,,,0.0,0.02,0.04,,,
2014-02,0.19,24.81,0.0,24.07,,3.52,,,0.0,,0.19,,,4.44,33.46,0.16,,2.4,1.08,,0.06,0.13,,0.02,,,,,,,0.23,,,,,0.13,4.4,,0.01,,,0.65,,,,,0.0,0.01,0.03,,,
2014-03,0.76,25.95,0.0,23.47,,3.63,,,0.0,,0.18,,,4.59,31.26,0.17,,2.73,1.13,,0.06,0.13,,0.02,,,,,,,0.23,,,,,0.14,4.49,,0.02,,,1.0,,,,,0.0,0.01,0.02,,,
2014-04,0.99,27.1,0.0,23.48,,3.99,,,0.0,,0.2,,,4.78,28.75,0.19,,3.19,1.23,,0.07,0.14,,0.02,,,,,,,0.25,,,,,0.19,4.11,,0.05,,,1.23,,,,,0.0,0.02,0.02,,,
2014-05,0.96,27.3,0.0,24.06,,4.05,,,0.0,,0.18,,,4.75,27.64,0.21,,3.39,1.28,,0.07,0.15,,0.02,,,,,,,0.24,,,,,0.2,3.98,,0.06,,,1.41,,,,,0.0,0.02,0.02,,,
2014-06,1.15,28.26,0.0,23.6,,4.09,,,0.0,,0.19,,,4.64,26.5,0.22,,3.51,1.27,,0.07,0.13,,0.02,,,,,,,0.27,,,,,0.22,3.97,,0.08,,,1.74,,,,,0.01,0.02,0.02,,,
2014-07,1.26,28.22,0.01,23.71,,4.51,,,0.16,,0.2,,,4.54,25.86,0.25,,3.57,1.36,,0.11,0.12,,0.01,,,,,,,0.26,,,,,0.25,3.78,,0.09,,,1.66,,,,,0.01,0.02,0.02,,,
2014-08,2.13,28.43,0.04,23.1,,4.5,,,0.71,,0.2,,,4.62,23.25,0.26,,3.91,1.45,,0.13,0.11,,0.01,,,,,,,0.25,,,,,0.25,3.74,,0.09,,,2.75,,,,,0.02,0.02,0.01,,,
2014-09,2.49,28.47,0.1,21.64,,4.06,,,1.14,,0.23,,,4.49,23.81,0.24,,4.02,1.44,,0.13,0.11,,0.02,,,,,,,0.25,,,,,0.24,4.01,,0.1,,,2.93,,,,,0.03,0.03,0.02,,,
2014-10,2.66,27.76,0.33,20.76,,4.17,,,1.51,,0.23,,,4.27,20.93,0.23,,3.95,1.43,,0.14,0.12,,0.03,,,,,,,0.24,,,,,0.23,7.99,,0.1,,,2.85,,,,,0.04,0.02,0.02,,,
2014-11,2.84,26.83,0.46,20.1,,3.81,,,1.81,,0.2,,,3.79,17.62,0.2,,3.78,1.37,,0.12,0.14,,0.03,,,,,,,0.2,,,,,0.22,13.42,,0.1,,,2.87,,,,,0.04,0.02,0.02,,,
2014-12,3.03,27.08,0.65,19.41,,3.85,,,2.3,,0.2,,,3.72,17.64,0.18,,3.88,1.4,,0.12,0.12,,0.03,,,,,,,0.21,,,,,0.22,12.66,,0.08,,,3.12,,,,,0.05,0.01,0.02,,,
2015-01,3.38,27.11,0.82,18.38,,4.1,,,3.03,,0.2,,,3.72,17.86,0.19,0.0,3.92,1.44,0.01,0.12,0.1,0.0,0.02,,,,0.0,0.01,,0.21,,,,,0.23,11.43,,0.08,,,3.56,,,,,0.06,0.01,,,,
2015-02,3.73,27.3,0.94,18.85,,3.98,,,3.7,,0.22,,,3.71,16.56,0.17,0.0,4.19,1.45,0.01,0.12,0.11,0.0,0.03,,,,0.0,0.01,,0.2,,,,,0.26,10.66,,0.08,,,3.63,,,,,0.07,0.01,,,,
2015-03,3.98,27.57,1.04,19.37,,3.77,,,4.29,,0.22,,,3.76,15.19,0.22,0.0,4.34,1.42,0.02,0.12,0.12,0.0,0.02,,,,0.0,0.01,,0.19,,,,,0.26,10.14,,0.07,,,3.78,,,,,0.07,0.01,,,,
2015-04,4.01,26.95,1.03,20.02,,3.76,,,4.48,,0.23,,,3.48,14.67,0.26,0.01,4.2,1.35,0.03,0.1,0.13,0.0,0.02,,,,0.01,0.01,,0.17,,,,,0.26,10.92,,0.07,,,3.74,,,,,0.07,0.01,,,,
2015-05,4.02,26.86,1.02,20.87,,3.66,,,4.64,,0.27,,,3.37,14.17,0.92,0.01,4.26,1.29,0.03,0.1,0.13,0.0,0.02,,,,0.01,0.01,,0.17,,,,,0.31,10.17,,0.07,,,3.55,,,,,0.07,0.01,,,,
2015-06,3.83,26.25,0.99,21.86,,3.56,,,4.55,,0.25,,,3.19,13.43,1.14,0.02,4.22,1.26,0.04,0.09,0.13,0.0,0.02,,,,0.01,0.01,,0.15,,,,,0.3,11.07,,0.08,,,3.49,,,,,0.08,0.01,,,,
2015-07,3.98,26.29,1.04,23.83,,3.55,,,4.72,,0.29,,,3.22,12.15,0.98,0.02,4.67,1.23,0.03,0.1,0.15,0.0,0.02,,,,0.01,0.02,,0.14,,,,,0.31,9.62,,0.08,,,3.48,,,,,0.08,0.01,,,,
2015-08,3.88,26.4,1.03,23.87,,2.7,,,4.5,,0.27,,,2.95,12.03,1.0,0.04,4.7,1.12,0.02,0.07,0.15,0.01,0.02,,,,0.01,0.02,,0.14,,,,,0.28,11.12,,0.08,,,3.5,,,,,0.06,0.01,,,,
2015-09,3.95,27.14,1.17,24.43,,2.51,,,4.76,,0.34,,,2.9,11.56,1.1,0.04,4.82,1.11,0.02,0.07,0.19,0.03,0.02,,,,0.01,0.03,,0.14,,,,,0.28,9.55,,0.09,,,3.65,,,,,0.06,0.01,,,,
2015-10,3.66,26.56,1.36,26.62,,2.49,,,5.06,,0.42,,,2.85,11.2,1.63,0.04,5.14,1.14,0.02,0.08,0.22,0.04,0.02,,,,0.02,0.04,,0.17,,,,,0.25,7.3,,0.09,,,3.5,,,,,0.07,0.01,,,,
2015-11,3.45,25.92,1.43,27.35,,2.83,,,4.99,,0.46,,,2.75,11.53,1.94,0.05,5.22,1.15,0.03,0.07,0.23,0.05,0.02,,,,0.02,0.05,,0.15,,,,,0.24,6.84,,0.1,,,3.06,,,,,0.07,0.01,,,,
2015-12,3.4,26.09,1.48,30.4,,2.77,,,4.85,,0.5,,,2.55,10.34,1.29,0.06,5.21,1.12,0.03,0.06,0.24,0.05,0.01,,,,0.02,0.06,,0.16,,,,,0.23,5.95,,0.1,,,2.98,,,,,0.06,0.01,,,,
2016-01,3.29,25.83,1.65,32.18,,2.91,,0.0,4.89,,0.54,,,2.48,9.13,0.93,0.07,5.4,1.12,0.02,0.07,0.25,0.06,0.02,0.0,,,0.02,0.08,,0.14,,,,,0.23,5.75,,0.1,,,2.78,,,,,0.06,0.01,,,,
2016-02,3.17,26.08,1.79,32.79,,2.77,,0.0,5.12,,0.6,,,2.37,8.9,0.68,0.06,5.46,1.07,0.02,0.07,0.26,0.07,0.01,0.0,,,0.03,0.09,,0.13,,,,,0.21,5.4,,0.1,,,2.67,,,,,0.06,0.01,,,,
2016-03,4.01,28.11,2.01,29.02,,2.67,,0.0,7.21,,0.7,,,2.39,8.37,0.72,0.06,5.54,1.04,0.02,0.06,0.27,0.07,0.01,0.0,,,0.02,0.11,,0.13,,,,,0.19,4.66,,0.1,,,2.45,,,,,0.05,0.01,,,,
2016-04,3.82,28.11,2.18,30.7,,2.55,,0.0,7.23,,0.77,,,2.24,7.93,0.71,0.06,5.5,1.0,0.02,0.06,0.27,0.06,0.01,0.0,,,0.03,0.13,,0.13,,,,,0.18,3.92,,0.09,,,2.24,,,,,0.05,0.01,,,,
2016-05,3.66,27.73,2.42,32.24,,2.38,,0.0,7.13,,0.84,,,2.11,7.47,0.61,0.05,5.47,0.96,0.02,0.05,0.27,0.06,0.01,0.0,,,0.03,0.16,,0.12,,,,,0.18,3.73,,0.09,,,2.16,,,,,0.05,0.01,,,,
2016-06,3.32,26.93,2.55,31.62,,3.28,,0.0,6.94,,0.87,,,2.1,8.14,0.78,0.05,5.3,0.98,0.03,0.06,0.26,0.06,0.01,0.0,,,0.03,0.16,,0.13,,,,,0.21,4.25,,0.1,,,1.8,,,,,0.05,0.01,,,,
2016-07,2.96,25.96,2.56,32.22,,3.5,,0.0,6.64,,0.97,,,2.09,9.45,0.19,0.05,5.53,0.98,0.03,0.06,0.26,0.07,0.01,0.0,,,0.03,0.18,,0.13,,,,,0.2,4.3,,0.09,,,1.48,,,,,0.04,0.01,,,,
2016-08,2.72,25.65,2.58,32.11,,3.94,,0.0,6.31,,1.0,,,2.12,9.65,0.7,0.05,5.81,1.0,0.03,0.07,0.23,0.07,0.02,0.0,,,0.03,0.19,,0.14,,,,,0.19,3.96,,0.08,,,1.3,,,,,0.04,0.02,,,,
2016-09,2.54,25.54,2.6,33.01,,3.97,,0.0,6.08,,1.06,,,2.06,9.53,0.09,0.05,6.01,0.99,0.04,0.18,0.22,0.07,0.03,0.0,,,0.03,0.22,,0.16,,,,,0.2,4.0,,0.08,,,1.13,,,,,0.05,0.09,,,,
2016-10,3.69,26.06,3.79,29.97,,4.09,,0.01,6.21,,1.12,,,2.04,9.2,0.08,0.25,5.87,0.98,0.03,0.08,0.19,0.07,0.03,0.0,,,0.03,0.23,,0.13,,,,,0.2,4.51,,0.08,,,1.02,,,,,0.04,0.01,,,,
2016-11,5.53,28.7,5.87,21.35,,4.26,,0.11,6.98,,1.13,,,2.21,9.02,0.09,1.09,5.75,0.97,0.03,0.07,0.18,0.07,0.07,0.51,,,0.04,0.24,,0.13,,,,,0.32,4.29,,0.09,,,0.86,,,,,0.04,0.01,,,,
2016-12,6.6,29.54,6.57,20.47,,4.09,,0.24,7.28,,1.21,,,2.27,8.19,0.09,1.21,5.77,0.94,0.04,0.06,0.18,0.08,0.12,1.27,,,0.05,0.31,,0.13,,,,,0.43,1.94,,0.11,,,0.78,,,,,0.04,0.01,,,,
2017-01,7.28,29.5,6.94,20.25,,3.5,,0.25,7.28,,1.28,,,2.07,7.63,0.07,1.39,5.59,0.86,0.03,0.05,0.17,0.07,0.05,1.85,0.06,,0.06,0.37,,0.11,0.0,,,0.04,0.42,1.92,0.0,0.1,,,0.72,0.04,,,0.01,0.03,,,,,
2017-02,8.01,29.86,7.74,18.82,,3.47,,0.25,7.3,,1.31,,,2.05,7.13,0.06,1.56,5.49,0.85,0.03,0.04,0.18,0.07,0.04,1.91,0.08,,0.06,0.39,,0.1,0.0,,,0.03,0.41,1.87,0.0,0.12,,,0.65,0.05,,,0.02,0.03,,,,,
2017-03,8.8,30.28,8.07,18.61,,3.43,,0.25,7.15,,1.4,,,1.94,6.22,0.06,1.74,5.43,0.86,0.03,0.04,0.18,0.07,0.04,1.77,0.09,,0.06,0.43,,0.1,0.03,,,0.03,0.44,1.64,0.0,0.13,,,0.59,0.06,,,0.02,0.03,,,,,
2017-04,9.41,29.93,8.91,18.13,,3.61,,0.27,7.02,,1.4,,,1.89,5.69,0.07,1.87,5.29,0.85,0.04,0.04,0.16,0.07,0.04,1.75,0.11,,0.07,0.44,,0.1,0.11,,,0.03,0.43,1.55,0.0,0.12,,,0.48,0.06,,,0.02,0.03,,,,,
2017-05,10.33,30.36,9.99,16.27,,3.8,,0.26,7.14,,1.44,,,1.8,4.92,0.06,2.03,5.12,0.84,0.03,0.04,0.15,0.07,0.05,1.7,0.12,,0.07,0.48,,0.1,0.25,,,0.02,0.43,1.48,0.0,0.11,,,0.4,0.07,,,0.02,0.03,,,,,
2017-06,10.54,30.36,10.97,15.81,,3.53,,0.25,6.97,,1.47,,,1.79,4.45,0.06,2.05,5.07,0.81,0.03,0.04,0.14,0.08,0.05,1.86,0.13,,0.07,0.53,,0.1,0.56,,,0.02,0.39,1.24,0.0,0.11,,,0.42,0.07,,,0.02,0.02,,,,,
2017-07,10.3,30.42,11.68,16.15,,3.09,,0.24,6.72,,1.44,,,1.76,4.02,0.06,1.98,5.1,0.78,0.03,0.04,0.15,0.09,0.05,2.03,0.15,,0.07,0.54,,0.09,0.96,,,0.02,0.38,1.06,0.0,0.1,,,0.42,0.07,,,0.02,0.02,,,,,
2017-08,10.05,29.54,12.74,16.58,,2.94,,0.23,6.32,,1.43,,,1.77,3.96,0.06,1.93,4.98,0.77,0.03,0.04,0.13,0.09,0.05,2.06,0.15,,0.07,0.54,,0.09,1.35,,,0.02,0.34,1.16,0.0,0.1,,,0.39,0.07,,,0.02,0.02,,,,,
2017-09,10.27,30.32,12.87,16.77,,2.73,,0.23,6.19,,1.33,,,1.75,3.26,0.05,1.79,4.94,0.76,0.03,0.04,0.11,0.09,0.05,2.22,0.15,,0.07,0.52,,0.08,1.5,,,0.02,0.32,0.97,0.01,0.11,,,0.35,0.06,,,0.02,0.02,,,,,
2017-10,10.76,29.15,13.68,17.16,,2.99,,0.24,5.95,,1.29,,,1.8,3.25,0.05,1.75,4.63,0.73,0.03,0.05,0.11,0.1,0.05,1.88,0.14,,0.07,0.5,,0.09,1.72,,,0.02,0.31,0.96,0.03,0.1,,,0.3,0.06,,,0.02,0.02,,,,,
2017-11,11.29,29.14,14.36,15.67,,3.59,,0.25,5.95,,1.27,,,1.9,2.93,0.05,1.68,4.53,0.76,0.04,0.07,0.11,0.1,0.08,1.74,0.15,,0.08,0.49,,0.09,1.9,,,0.01,0.31,0.98,0.05,0.1,,,0.22,0.06,,,0.02,0.02,,,,,
2017-12,11.52,29.32,15.29,14.47,,3.84,,0.26,5.89,,1.24,,,1.89,2.57,0.05,1.64,4.47,0.78,0.04,0.09,0.1,0.11,0.1,1.73,0.17,,0.08,0.48,,0.1,2.13,,,0.01,0.31,0.86,0.05,0.12,,,0.2,0.05,,,0.02,0.02,,,,,
2018-01,12.04,29.51,15.84,13.68,,3.57,,0.25,5.6,,1.25,,,1.8,2.64,0.05,1.64,4.29,0.75,0.03,0.12,0.1,0.12,0.04,1.69,0.17,0.05,0.09,0.51,,0.09,2.64,0.01,0.01,0.01,0.28,0.72,0.04,0.12,,,0.19,0.06,,,0.02,0.02,,,,,
2018-02,12.49,30.87,15.61,12.74,,3.77,,0.24,5.44,,1.27,,,1.72,2.02,0.05,1.61,4.08,0.71,0.02,0.13,0.1,0.11,0.04,1.57,0.18,0.05,0.1,0.49,,0.08,3.09,0.06,0.01,0.02,0.27,0.71,0.04,0.09,,,0.16,0.05,,,0.01,0.01,,,,,
2018-03,12.21,30.43,15.57,13.68,,3.41,,0.25,5.31,,1.27,,,1.67,1.97,0.05,1.55,3.98,0.79,0.02,0.17,0.11,0.11,0.04,1.76,0.18,0.06,0.1,0.48,,0.08,3.34,0.11,0.0,0.02,0.25,0.64,0.04,0.09,,,0.17,0.05,,,0.01,0.01,,,,,
2018-04,13.16,30.49,16.49,11.59,,4.05,,0.24,5.33,,1.24,,,1.63,1.82,0.07,1.52,3.76,0.78,0.02,0.18,0.1,0.12,0.04,1.66,0.21,0.06,0.1,0.43,,0.08,3.19,0.15,0.18,0.03,0.25,0.64,0.05,0.12,,,0.14,0.05,,,0.01,0.01,,,,,
2018-05,13.35,29.34,17.89,12.03,,3.77,,0.25,4.98,,1.2,,,1.53,1.69,0.06,1.43,3.67,0.73,0.02,0.19,0.11,0.15,0.05,1.65,0.22,0.07,0.1,0.41,,0.08,3.37,0.19,0.29,0.03,0.22,0.5,0.04,0.18,,,0.14,0.04,,,0.02,0.01,,,,,
2018-06,13.41,27.29,18.48,13.23,,4.67,,0.26,4.66,,1.19,,,1.49,1.73,0.07,1.33,3.39,0.74,0.03,0.23,0.12,0.17,0.07,1.46,0.2,0.07,0.09,0.35,,0.08,3.61,0.2,0.27,0.04,0.18,0.47,0.05,0.18,,,0.12,0.04,,,0.01,0.01,,,,,
2018-07,14.29,27.31,19.27,11.51,,5.34,,0.26,4.62,,1.17,,,1.42,1.43,0.07,1.34,3.13,0.71,0.03,0.23,0.11,0.18,0.06,1.33,0.2,0.07,0.09,0.34,,0.08,4.01,0.21,0.22,0.05,0.17,0.4,0.05,0.16,,,0.09,0.04,,,0.01,0.01,,,,,
2018-08,14.14,26.06,19.42,13.28,,5.21,,0.25,4.4,,1.18,,,1.38,1.54,0.06,1.28,2.99,0.7,0.05,0.24,0.1,0.18,0.07,1.11,0.19,0.08,0.1,0.32,,0.08,4.26,0.21,0.24,0.05,0.17,0.3,0.05,0.14,,,0.08,0.04,,,0.01,0.01,,,,,
2018-09,14.79,26.07,20.12,12.35,,4.87,,0.24,4.34,,1.2,,,1.34,1.58,0.06,1.29,2.85,0.71,0.06,0.24,0.1,0.19,0.08,1.04,0.18,0.1,0.1,0.28,,0.07,4.59,0.21,0.22,0.06,0.15,0.23,0.05,0.12,,,0.07,0.04,,,0.01,0.01,,,,,
2018-10,15.18,26.21,20.12,11.26,,5.16,,0.23,4.17,,1.28,,,1.29,1.53,0.07,1.29,2.74,0.73,0.06,0.28,0.1,0.18,0.09,0.95,0.18,0.1,0.1,0.28,,0.07,5.24,0.21,0.2,0.06,0.14,0.22,0.06,0.14,,,0.07,0.04,,,0.01,0.01,,,,,
2018-11,15.44,26.34,19.92,10.56,,5.74,,0.21,3.66,,1.17,,,1.07,1.52,0.06,1.12,2.86,0.77,0.04,0.28,0.08,0.16,0.08,0.83,0.18,0.07,0.09,0.28,,0.07,6.44,0.17,0.17,0.05,0.12,0.21,0.04,0.11,,,0.06,0.04,,,0.01,0.01,,,,,
2018-12,16.9,25.98,21.39,10.17,,5.85,,0.18,3.19,,1.11,,,0.91,1.3,0.06,0.89,2.56,0.62,0.05,0.27,0.07,0.13,0.07,0.68,0.13,0.06,0.08,0.26,,0.06,6.22,0.14,0.14,0.04,0.1,0.18,0.04,0.08,,,0.04,0.04,,,0.01,0.01,,,,,
2019-01,17.4,27.01,21.54,8.56,,5.86,0.0,0.16,3.01,,1.09,,,0.86,1.23,0.06,0.82,2.48,0.59,0.04,0.26,0.06,0.11,0.06,0.58,0.14,0.04,0.09,0.25,0.02,0.06,6.83,0.11,0.14,0.03,0.09,0.2,0.04,0.06,,0.0,0.04,0.04,0.01,0.01,,,,,,,
2019-02,17.56,25.13,21.68,10.98,,5.35,0.0,0.14,2.82,,1.09,,,0.75,1.36,0.07,0.67,2.3,0.57,0.05,0.25,0.06,0.12,0.07,0.5,0.13,0.04,0.08,0.23,0.02,0.06,7.25,0.11,0.15,0.03,0.07,0.15,0.03,0.05,,0.0,0.04,0.03,0.01,0.01,,,,,,,
2019-03,17.8,25.14,21.47,9.64,,5.01,0.02,0.21,4.06,,1.23,,,1.07,1.25,0.06,1.04,2.01,0.52,0.06,0.27,0.07,0.18,0.07,0.66,0.15,0.09,0.1,0.2,0.04,0.05,6.74,0.2,0.14,0.04,0.08,0.12,0.05,0.05,,0.0,0.05,0.03,0.01,0.01,,,,,,,
2019-04,18.21,25.55,21.09,9.03,,5.34,0.02,0.21,4.05,,1.15,,,1.03,1.02,0.08,1.11,1.93,0.47,0.05,0.23,0.07,0.17,0.05,0.65,0.15,0.09,0.1,0.2,0.05,0.05,7.14,0.19,0.11,0.04,0.08,0.14,0.05,0.05,,0.0,0.04,0.03,0.01,0.01,,,,,,,
2019-05,18.6,25.93,21.07,7.78,,5.51,0.03,0.2,4.12,,1.13,,,1.01,0.94,0.07,1.13,1.87,0.45,0.05,0.22,0.06,0.15,0.05,0.63,0.15,0.09,0.1,0.2,0.04,0.05,7.63,0.19,0.12,0.04,0.07,0.14,0.05,0.05,,0.0,0.04,0.03,0.01,0.01,,,,,,,
2019-06,17.87,25.78,20.78,8.29,,5.52,0.03,0.2,4.27,,1.14,,,1.02,1.02,0.07,1.1,1.94,0.47,0.06,0.25,0.06,0.17,0.06,0.62,0.14,0.09,0.1,0.18,0.05,0.05,7.96,0.18,0.12,0.04,0.07,0.12,0.05,0.05,,0.0,0.03,0.03,0.01,0.01,,,,,,,
2019-07,17.69,24.98,22.69,8.33,,5.2,0.03,0.18,3.94,,1.06,,,0.96,0.9,0.08,1.02,1.79,0.42,0.05,0.22,0.06,0.16,0.06,0.58,0.18,0.09,0.09,0.17,0.05,0.04,8.24,0.21,0.11,0.04,0.08,0.15,0.04,0.04,,0.0,0.03,0.03,0.01,0.01,,,,,,,
2019-08,17.95,25.11,22.67,6.9,,5.24,0.66,0.17,3.77,,1.03,,,0.93,0.81,0.07,0.96,1.62,0.4,0.05,0.2,0.06,0.15,0.06,0.52,0.23,0.08,0.09,0.17,0.05,0.04,8.3,0.19,0.1,0.04,0.06,0.14,0.04,0.04,,1.04,0.02,0.03,0.01,0.01,,,,,,,
2019-09,18.38,25.24,20.41,7.2,,5.54,1.31,0.19,3.75,,1.11,,,0.86,0.71,0.06,0.92,1.47,0.37,0.05,0.21,0.06,0.13,0.06,0.48,0.16,0.08,0.09,0.15,0.04,0.04,8.96,0.18,0.19,0.05,0.06,0.07,0.04,0.03,,1.31,0.02,0.02,0.02,0.01,,,,,,,
2019-10,18.22,24.87,20.35,7.32,,5.27,1.61,0.2,3.65,,1.13,,,0.83,0.73,0.07,0.87,1.4,0.35,0.06,0.2,0.06,0.13,0.06,0.42,0.15,0.08,0.09,0.13,0.04,0.03,9.54,0.18,0.26,0.05,0.05,0.05,0.03,0.03,,1.41,0.02,0.02,0.04,0.01,,,,,,,
2019-11,19.87,24.64,20.87,5.48,,5.83,2.24,0.2,3.55,,1.13,,,0.81,0.68,0.07,0.85,1.24,0.33,0.06,0.2,0.06,0.13,0.06,0.38,0.15,0.07,0.09,0.12,0.05,0.03,10.15,0.19,0.09,0.03,0.04,0.04,0.02,0.03,,0.21,0.02,0.02,0.01,0.01,,,,,,,
2019-12,20.15,24.22,21.24,4.35,,6.38,2.81,0.23,3.5,,1.1,,,0.79,0.65,0.08,0.75,1.12,0.31,0.06,0.18,0.05,0.13,0.05,0.32,0.12,0.07,0.08,0.1,0.04,0.03,10.6,0.18,0.06,0.03,0.04,0.03,0.02,0.02,,0.0,0.02,0.02,0.01,0.01,,,,,,,
2020-01,20.77,24.63,20.93,3.09,0.0,6.62,3.18,0.32,3.42,,1.11,,,0.77,0.61,0.09,0.68,1.05,0.31,0.07,0.16,0.05,0.15,0.09,0.29,0.12,0.07,0.07,0.09,0.04,0.03,10.8,0.17,0.06,0.03,0.03,0.03,0.03,0.02,0.01,,,,,,,,,,,,
2020-02,20.58,24.73,20.61,2.92,0.0,7.06,3.42,0.38,3.3,,1.12,,,0.73,0.56,0.08,0.66,0.99,0.3,0.07,0.16,0.05,0.15,0.09,0.25,0.11,0.07,0.06,0.08,0.04,0.03,11.05,0.17,0.05,0.02,0.03,0.02,0.02,0.02,0.01,,,,,,,,,,,,
2020-03,20.71,24.76,20.26,2.92,0.0,7.16,3.63,0.42,3.2,,1.09,,,0.68,0.47,0.08,0.65,0.95,0.28,0.06,0.16,0.04,0.15,0.08,0.26,0.12,0.07,0.07,0.08,0.04,0.03,11.27,0.16,0.04,0.02,0.02,0.02,0.02,0.02,0.01,,,,,,,,,,,,
2020-04,20.67,25.01,20.15,2.39,0.0,7.76,3.67,0.43,3.16,,1.08,,,0.66,0.5,0.08,0.64,0.92,0.27,0.06,0.17,0.04,0.15,0.08,0.24,0.11,0.07,0.06,0.08,0.04,0.02,11.18,0.15,0.04,0.02,0.02,0.02,0.02,0.02,0.01,,,,,,,,,,,,
2020-05,20.62,24.91,19.8,2.88,0.0,7.86,3.72,0.47,2.97,,1.05,,,0.63,0.51,0.09,0.6,0.83,0.25,0.06,0.16,0.04,0.14,0.07,0.22,0.11,0.07,0.06,0.07,0.03,0.02,11.4,0.15,0.09,0.03,0.02,0.02,0.02,0.02,0.01,,,,,,,,,,,,
2020-06,20.55,24.38,19.83,3.37,0.0,7.5,3.96,0.49,2.84,,1.0,,,0.62,0.46,0.08,0.55,0.76,0.23,0.06,0.15,0.03,0.14,0.08,0.21,0.1,0.06,0.06,0.06,0.03,0.02,11.94,0.15,0.13,0.04,0.02,0.02,0.02,0.01,0.01,,,,,,,,,,,,
2020-07,20.41,24.24,20.2,3.05,0.0,7.25,4.2,0.53,2.79,,0.99,,,0.62,0.46,0.07,0.53,0.76,0.22,0.06,0.15,0.04,0.15,0.07,0.2,0.1,0.06,0.06,0.06,0.04,0.02,12.36,0.15,0.04,0.03,0.02,0.03,0.02,0.01,0.01,,,,,,,,,,,,
2020-08,20.68,24.19,20.07,1.89,0.0,7.63,4.55,0.59,2.7,,0.98,,,0.6,0.45,0.07,0.53,0.72,0.21,0.08,0.14,0.03,0.14,0.06,0.2,0.1,0.06,0.06,0.05,0.04,0.02,12.88,0.15,0.03,0.03,0.02,0.02,0.02,0.01,0.01,,,,,,,,,,,,
2020-09,21.4,23.26,19.78,1.54,0.0,7.93,5.32,0.74,2.46,,0.91,,,0.54,0.42,0.07,0.49,0.6,0.19,0.08,0.12,0.03,0.12,0.06,0.16,0.09,0.06,0.05,0.05,0.03,0.02,13.25,0.11,0.03,0.02,0.02,0.01,0.01,0.01,0.01,,,,,,,,,,,,
2020-10,22.12,23.73,20.31,2.2,0.02,8.27,5.68,0.87,2.45,,0.92,,,0.53,0.42,0.07,0.46,0.57,0.18,0.09,0.12,0.03,0.1,0.06,0.16,0.09,0.05,0.05,0.05,0.03,0.02,10.24,0.01,0.02,0.02,0.01,0.01,0.01,0.01,0.01,,,,,,,,,,,,
2020-11,24.89,26.19,21.77,4.19,0.09,8.71,6.3,1.03,2.49,,1.01,,,0.55,0.44,0.08,0.43,0.62,0.2,0.1,0.12,0.03,0.11,0.07,0.17,0.1,0.05,0.05,0.05,0.03,0.02,0.0,0.0,0.02,0.01,0.01,0.01,0.01,0.01,0.02,,,,,,,,,,,,
2020-12,22.11,23.33,19.95,1.68,12.33,7.5,6.09,0.98,2.22,,0.88,,,0.49,0.41,0.08,0.36,0.53,0.17,0.09,0.11,0.03,0.1,0.09,0.14,0.08,0.05,0.04,0.04,0.03,0.02,0.0,0.0,0.02,0.0,0.01,0.01,0.01,0.01,0.01,,,,,,,,,,,,
2021-01,22.11,23.41,19.61,1.78,12.52,7.37,6.16,1.08,2.15,0.02,0.88,0.01,0.05,0.48,0.38,0.07,0.35,0.53,0.16,0.09,0.11,0.03,0.1,0.13,0.15,0.09,0.05,0.04,0.04,0.03,0.02,,,,,,,,,,,,,,,,,,,,,
2021-02,22.09,23.08,19.72,1.66,12.53,7.75,6.33,1.09,2.08,0.03,0.85,0.01,0.07,0.46,0.38,0.07,0.33,0.5,0.15,0.08,0.1,0.02,0.1,0.12,0.14,0.08,0.05,0.04,0.04,0.03,0.02,,,,,,,,,,,,,,,,,,,,,
2021-03,22.06,22.68,19.76,1.77,12.64,7.93,6.56,1.09,2.02,0.03,0.83,0.01,0.09,0.43,0.35,0.08,0.32,0.46,0.14,0.08,0.09,0.02,0.09,0.1,0.12,0.07,0.04,0.04,0.03,0.03,0.02,,,,,,,,,,,,,,,,,,,,,
2021-04,21.9,22.26,20.06,1.99,12.56,8.13,6.62,1.15,1.95,0.04,0.8,0.01,0.14,0.42,0.33,0.07,0.3,0.43,0.14,0.09,0.09,0.02,0.08,0.1,0.11,0.06,0.04,0.04,0.03,0.02,0.01,,,,,,,,,,,,,,,,,,,,,
2021-05,21.43,22.32,20.25,2.24,12.26,8.37,6.61,1.16,1.94,0.04,0.82,0.01,0.19,0.45,0.32,0.08,0.29,0.41,0.13,0.08,0.1,0.02,0.08,0.1,0.1,0.06,0.04,0.03,0.03,0.03,0.01,,,,,,,,,,,,,,,,,,,,,
2021-06,21.62,22.1,19.9,2.72,12.35,8.17,6.74,1.17,1.86,0.04,0.82,0.02,0.21,0.42,0.33,0.09,0.28,0.37,0.13,0.09,0.09,0.03,0.08,0.09,0.09,0.05,0.04,0.03,0.03,0.02,0.01,,,,,,,,,,,,,,,,,,,,,
2021-07,21.28,21.94,19.83,2.71,12.27,8.89,6.82,1.21,1.78,0.04,0.82,0.02,0.24,0.4,0.33,0.09,0.25,0.34,0.13,0.09,0.08,0.02,0.07,0.08,0.08,0.05,0.04,0.03,0.02,0.03,0.01,,,,,,,,,,,,,,,,,,,,,
2021-08,21.26,21.56,19.91,1.77,13.34,8.79,7.11,1.66,1.61,0.06,0.71,0.03,0.23,0.37,0.3,0.09,0.24,0.32,0.12,0.07,0.08,0.02,0.06,0.07,0.07,0.05,0.03,0.03,0.02,0.02,0.01,,,,,,,,,,,,,,,,,,,,,
2021-09,21.51,21.05,19.83,1.72,13.54,9.14,7.19,1.72,1.52,0.06,0.67,0.03,0.24,0.34,0.26,0.07,0.22,0.29,0.11,0.07,0.08,0.02,0.06,0.06,0.06,0.04,0.03,0.02,0.02,0.02,0.01,,,,,,,,,,,,,,,,,,,,,
2021-10,21.83,20.93,19.86,1.7,13.47,9.05,7.25,1.78,1.46,0.06,0.65,0.03,0.23,0.33,0.24,0.07,0.2,0.28,0.1,0.07,0.08,0.02,0.06,0.06,0.06,0.04,0.03,0.02,0.02,0.02,0.01,,,,,,,,,,,,,,,,,,,,,
2021-11,21.48,20.69,19.99,1.72,13.62,9.09,7.47,1.94,1.4,0.07,0.63,0.03,0.24,0.33,0.24,0.07,0.19,0.27,0.09,0.06,0.07,0.02,0.05,0.06,0.06,0.04,0.03,0.02,0.02,0.01,0.01,,,,,,,,,,,,,,,,,,,,,
2021-12,21.86,20.87,20.27,1.79,13.2,8.64,7.33,2.04,1.37,0.07,0.65,0.04,0.24,0.36,0.24,0.08,0.19,0.24,0.09,0.06,0.06,0.02,0.05,0.06,0.06,0.03,0.03,0.02,0.01,0.01,0.01,,,,,,,,,,,,,,,,,,,,,
2022-01,20.81,20.39,19.93,1.54,15.4,8.46,7.48,2.19,1.29,0.08,0.6,0.05,0.24,0.34,0.24,0.07,0.17,0.23,0.08,0.06,0.06,0.02,0.05,0.09,0.06,0.03,0.03,0.02,,,,,,,,,,,,,,,,,,,,,,,,
2022-02,20.84,21.16,20.19,1.4,14.21,8.51,7.63,2.3,1.28,0.08,0.59,0.05,0.22,0.35,0.23,0.08,0.17,0.23,0.08,0.06,0.05,0.02,0.05,0.08,0.05,0.03,0.03,0.02,,,,,,,,,,,,,,,,,,,,,,,,
2022-03,21.27,21.07,19.63,1.52,14.53,8.65,7.5,2.29,1.18,0.09,0.58,0.05,0.21,0.32,0.22,0.08,0.17,0.22,0.07,0.06,0.05,0.01,0.05,0.08,0.04,0.03,0.03,0.02,,,,,,,,,,,,,,,,,,,,,,,,
2022-04,21.23,20.99,19.56,1.5,14.29,9.23,7.41,2.31,1.12,0.09,0.57,0.06,0.21,0.35,0.21,0.08,0.17,0.2,0.08,0.06,0.04,0.01,0.04,0.07,0.04,0.03,0.03,0.02,,,,,,,,,,,,,,,,,,,,,,,,
2022-05,21.32,21.6,19.01,1.49,14.78,8.31,7.57,2.45,1.1,0.1,0.56,0.06,0.21,0.32,0.22,0.08,0.17,0.22,0.07,0.05,0.05,0.01,0.05,0.07,0.04,0.03,0.03,0.02,,,,,,,,,,,,,,,,,,,,,,,,
2022-06,21.15,21.55,18.74,1.39,14.81,9.06,7.58,2.41,1.03,0.1,0.53,0.06,0.2,0.31,0.21,0.09,0.16,0.21,0.07,0.05,0.04,0.01,0.06,0.07,0.04,0.03,0.03,0.02,,,,,,,,,,,,,,,,,,,,,,,,
2022-07,20.6,21.09,19.1,1.52,14.48,9.92,7.64,2.41,1.01,0.09,0.54,0.06,0.2,0.31,0.22,0.11,0.15,0.18,0.07,0.05,0.04,0.01,0.04,0.06,0.03,0.02,0.03,0.01,,,,,,,,,,,,,,,,,,,,,,,,
2022-08,20.43,20.85,19.21,1.53,14.28,10.46,7.62,2.48,0.98,0.09,0.54,0.07,0.19,0.31,0.2,0.11,0.14,0.18,0.06,0.05,0.04,0.01,0.03,0.06,0.03,0.03,0.02,0.01,,,,,,,,,,,,,,,,,,,,,,,,
2022-09,20.98,20.59,18.83,1.32,14.8,10.1,7.79,2.7,0.9,0.1,0.5,0.07,0.19,0.27,0.18,0.09,0.13,0.16,0.06,0.04,0.03,0.01,0.03,0.05,0.02,0.02,0.02,0.01,,,,,,,,,,,,,,,,,,,,,,,,
2022-10,21.2,20.63,18.39,1.19,14.84,10.12,7.91,2.95,0.85,0.12,0.48,0.07,0.19,0.26,0.17,0.09,0.12,0.14,0.05,0.04,0.03,0.01,0.03,0.05,0.02,0.02,0.02,0.02,,,,,,,,,,,,,,,,,,,,,,,,
2022-11,21.28,20.43,18.47,1.21,14.88,10.09,7.94,3.07,0.81,0.11,0.44,0.07,0.18,0.25,0.17,0.09,0.11,0.14,0.05,0.04,0.03,0.01,0.03,0.04,0.02,0.01,0.02,0.02,,,,,,,,,,,,,,,,,,,,,,,,
2022-12,20.79,20.48,18.82,1.37,14.33,10.61,7.89,3.12,0.77,0.11,0.45,0.06,0.19,0.26,0.16,0.1,0.1,0.12,0.06,0.05,0.03,0.01,0.03,0.04,0.02,0.01,0.02,0.02,,,,,,,,,,,,,,,,,,,,,,,,
2023-01,20.95,20.64,18.22,1.74,14.36,10.92,7.74,3.03,0.7,0.1,0.44,0.06,0.18,0.24,0.17,0.09,0.08,0.1,0.05,0.04,0.02,,0.02,0.07,0.02,0.02,,,,,,,,,,,,,,,,,,,,,,,,,,
2023-02,21.11,20.74,17.58,1.63,14.51,11.41,7.76,2.94,0.66,0.11,0.43,0.07,0.17,0.21,0.16,0.1,0.09,0.1,0.05,0.04,0.02,,0.02,0.06,0.02,0.02,,,,,,,,,,,,,,,,,,,,,,,,,,
2023-03,20.82,20.37,17.57,1.61,14.53,12.08,7.87,2.92,0.67,0.1,0.4,0.07,0.17,0.2,0.15,0.09,0.08,0.08,0.05,0.04,0.02,,0.02,0.06,0.02,0.02,,,,,,,,,,,,,,,,,,,,,,,,,,
2023-04,20.45,20.13,17.41,1.76,14.07,13.06,7.68,2.94,0.91,0.1,0.41,0.07,0.16,0.21,0.16,0.1,0.09,0.08,0.04,0.04,0.02,,0.02,0.05,0.01,0.01,,,,,,,,,,,,,,,,,,,,,,,,,,
2023-05,20.36,18.42,16.33,5.27,14.39,12.11,8.03,3.06,0.57,0.12,0.37,0.08,0.16,0.16,0.14,0.09,0.09,0.08,0.04,0.03,0.02,,0.01,0.05,0.02,0.01,,,,,,,,,,,,,,,,,,,,,,,,,,
2023-06,19.83,17.56,15.55,10.76,14.37,9.6,7.33,3.08,0.48,0.14,0.35,0.09,0.14,0.15,0.14,0.08,0.08,0.08,0.05,0.03,0.02,,0.02,0.05,0.01,0.01,,,,,,,,,,,,,,,,,,,,,,,,,,
2023-07,19.19,18.02,15.38,11.25,13.85,10.23,7.17,2.99,0.47,0.15,0.34,0.09,0.13,0.15,0.14,0.09,0.08,0.07,0.05,0.03,0.02,,0.02,0.06,0.01,0.01,,,,,,,,,,,,,,,,,,,,,,,,,,
2023-08,18.35,18.2,15.43,11.65,13.24,11.09,7.25,2.91,0.45,0.14,0.37,0.09,0.13,0.15,0.13,0.09,0.08,0.08,0.05,0.03,0.02,,0.02,0.04,0.01,0.01,,,,,,,,,,,,,,,,,,,,,,,,,,
2023-08,18.35,18.2,15.43,11.65,13.24,11.09,7.25,2.91,0.45,0.14,0.37,0.09,0.13,0.15,0.13,0.09,0.08,0.08,0.05,0.03,0.02,0.01,0.02,0.05,,,,,,,,,,,,,,,,,,,,,,,,,,,,
2023-09,17.17,16.98,15.06,14.56,12.72,11.81,7.12,2.85,0.43,0.11,0.33,0.1,0.13,0.14,0.12,0.09,0.07,0.06,0.05,0.03,0.02,,0.01,0.04,0.01,0.01,,,,,,,,,,,,,,,,,,,,,,,,,,
2023-09,17.17,16.98,15.06,14.56,12.72,11.81,7.12,2.85,0.43,0.11,0.33,0.1,0.13,0.14,0.12,0.09,0.07,0.06,0.05,0.03,0.02,0.01,0.01,0.05,,,,,,,,,,,,,,,,,,,,,,,,,,,,
2023-10,17.06,16.54,14.81,14.79,12.95,11.78,7.06,3.16,0.42,0.17,0.32,0.14,0.14,0.13,0.1,0.14,0.06,0.06,0.04,0.03,0.02,,0.01,0.04,0.01,0.01,,,,,,,,,,,,,,,,,,,,,,,,,,
2023-10,17.06,16.54,14.81,14.79,12.95,11.78,7.06,3.16,0.42,0.17,0.32,0.14,0.14,0.13,0.1,0.14,0.06,0.06,0.04,0.03,0.02,0.01,0.01,0.05,,,,,,,,,,,,,,,,,,,,,,,,,,,,
2023-11,17.12,16.51,14.85,13.89,13.43,11.65,7.12,3.55,0.39,0.25,0.32,0.2,0.13,0.12,0.1,0.1,0.06,0.05,0.04,0.02,0.02,,0.01,0.04,0.01,0.01,,,,,,,,,,,,,,,,,,,,,,,,,,
2023-11,17.12,16.51,14.85,13.89,13.43,11.65,7.12,3.55,0.39,0.25,0.32,0.2,0.13,0.12,0.1,0.1,0.06,0.05,0.04,0.02,0.02,0.01,0.01,0.05,,,,,,,,,,,,,,,,,,,,,,,,,,,,
2023-12,17.15,16.54,15.09,13.2,13.49,11.64,7.22,3.79,0.39,0.28,0.29,0.2,0.13,0.12,0.1,0.09,0.06,0.05,0.04,0.03,0.02,,0.01,0.04,0.01,0.01,,,,,,,,,,,,,,,,,,,,,,,,,,
2023-12,17.15,16.54,15.09,13.2,13.49,11.64,7.22,3.79,0.39,0.28,0.29,0.2,0.13,0.12,0.1,0.09,0.06,0.05,0.04,0.03,0.02,0.01,0.01,0.05,,,,,,,,,,,,,,,,,,,,,,,,,,,,
2024-01,17.99,17.44,15.25,11.86,13.07,11.57,7.08,3.79,0.4,0.32,0.3,0.21,0.13,0.12,0.11,0.09,0.07,0.05,0.04,0.03,0.02,0.01,0.01,0.06,,,,,,,,,,,,,,,,,,,,,,,,,,,,
2024-02,18.0,16.99,15.39,12.21,13.26,10.88,7.36,3.98,0.4,0.32,0.28,0.22,0.12,0.12,0.11,0.09,0.07,0.07,0.03,0.03,0.02,0.01,0.02,0.06,,,,,,,,,,,,,,,,,,,,,,,,,,,,
2024-03,17.41,16.36,14.57,14.26,12.77,11.58,7.24,3.94,0.36,0.32,0.26,0.24,0.13,0.11,0.1,0.09,0.05,0.05,0.03,0.02,0.01,0.01,0.01,0.05,,,,,,,,,,,,,,,,,,,,,,,,,,,,
2024-04,17.48,17.0,15.15,12.58,13.04,11.4,7.13,4.22,0.35,0.4,0.28,0.27,0.14,0.11,0.11,0.1,0.04,0.04,0.04,0.03,0.01,0.02,0.01,0.04,,,,,,,,,,,,,,,,,,,,,,,,,,,,
2024-05,17.15,16.76,14.16,14.18,12.88,12.45,6.55,4.0,0.31,0.4,0.27,0.26,0.11,0.1,0.11,0.11,0.04,0.03,0.04,0.02,0.01,0.02,0.01,0.04,,,,,,,,,,,,,,,,,,,,,,,,,,,,
2024-06,17.59,17.19,14.17,13.76,12.94,11.99,6.5,3.94,0.32,0.42,0.26,0.25,0.11,0.09,0.12,0.12,0.03,0.03,0.04,0.02,0.01,0.03,0.01,0.04,,,,,,,,,,,,,,,,,,,,,,,,,,,,
2024-07,18.13,17.51,14.31,11.66,13.2,12.04,6.63,4.42,0.33,0.48,0.26,0.3,0.11,0.1,0.12,0.14,0.04,0.03,0.05,0.03,0.02,0.04,0.01,0.04,,,,,,,,,,,,,,,,,,,,,,,,,,,,
2024-08,18.24,17.52,14.4,11.32,13.45,11.71,6.81,4.51,0.31,0.52,0.26,0.31,0.08,0.09,0.11,0.12,0.04,0.02,0.04,0.02,0.02,0.05,0.01,0.04,,,,,,,,,,,,,,,,,,,,,,,,,,,,
